A;1;G;0.259;N
A;2;P;0.065;P
A;3;T;0.329;N
A;4;G;0.144;N
A;5;T;0.345;N
A;6;G;0.261;N
A;7;E;-0.001;P
A;8;S;0.36;N
A;9;K;0.37;P
A;10;C;0.286;H
A;11;P;0.115;P
A;12;L;0.285;H
A;13;M;0.412;H
A;14;V;1.0;H
A;15;K;1.0;P
A;16;V;0.978;H
A;17;L;1.0;H
A;18;D;0.972;P
A;19;A;1.0;H
A;20;V;1.0;H
A;21;R;0.006;P
A;22;G;0.036;N
A;23;S;0.023;N
A;24;P;0.008;P
A;25;A;-0.01;H
A;26;I;0.189;H
A;27;N;0.033;P
A;28;V;0.49;H
A;29;A;0.016;H
A;30;V;0.012;H
A;31;H;-0.005;N
A;32;V;0.397;H
A;33;F;0.091;H
A;34;R;0.015;P
A;35;K;0.027;P
A;36;A;0.164;H
A;37;A;-0.014;H
A;38;D;-0.011;P
A;39;D;-0.004;P
A;40;T;0.053;N
A;41;W;0.035;H
A;42;E;0.098;P
A;43;P;0.023;P
A;44;F;0.618;H
A;45;A;0.701;H
A;46;S;0.436;N
A;47;G;0.22;N
A;48;K;0.019;P
A;49;T;0.01;N
A;50;S;0.031;N
A;51;E;0.051;P
A;52;S;0.036;N
A;53;G;-0.002;N
A;54;E;-0.013;P
A;55;L;0.006;H
A;56;H;0.448;N
A;57;G;0.2685;N;
A;58;L;0.356;H
A;59;T;0.313;N
A;60;T;0.387;N
A;61;E;0.05;P
A;62;E;0.013;P
A;63;E;0.294;P
A;64;F;0.201;H
A;65;V;0.195;H
A;66;E;0.025;P
A;67;G;-0.014;N
A;68;I;0.342;H
A;69;Y;-0.014;H
A;70;K;0.057;P
A;71;V;-0.02;H
A;72;E;0.003;P
A;73;I;0.015;H
A;74;D;0.003;P
A;75;T;0.007;N
A;76;K;-0.062;P
A;77;S;0.041;N
A;78;Y;0.008;H
A;79;W;0.014;H
A;80;K;0.09;P
A;81;A;0.107;H
A;82;L;0.144;H
A;83;G;0.096;N
A;84;I;0.101;H
A;85;S;-0.016;N
A;86;P;0.01;P
A;87;F;0.036;H
A;88;H;0.409;N
A;89;E;-0.004;P
A;90;H;0.034;N
A;91;A;0.992;H
A;92;E;1.0;P
A;93;V;0.62;H
A;94;V;1.0;H
A;95;F;0.835;H
A;96;T;1.0;N
A;97;A;0.37;H
A;98;N;0.044;P
A;99;D;0.002;P
A;100;S;0.008;N
A;101;G;0.167;N
A;102;P;-0.021;P
A;103;R;0.23;P
A;104;R;0.292;P
A;105;Y;0.965;H
A;106;T;1.0;N
A;107;I;0.961;H
A;108;A;0.519;H
A;109;A;1.0;H
A;110;L;1.0;H
A;111;L;0.848;H
A;112;S;1.0;N
A;113;P;1.0;P
A;114;Y;0.977;H
A;115;S;1.0;N
A;116;Y;0.133;H
A;117;S;0.251;N
A;118;T;-0.001;N
A;119;T;0.719;N
A;120;A;0.881;H
A;121;V;0.464;H
A;122;V;0.871;H
A;123;T;1.0;N
A;124;N;0.5;P
A;125;P;-0.102;P
A;126;K;0.132;P
A;127;E;0.039;P
