A;0;M;0.563;H
A;1;I;0.775;H
A;2;Q;0.066;N
A;3;R;-0.015;P
A;4;T;0.063;N
A;5;P;0.021;P
A;6;K;0.069;P
A;7;I;0.3365;H;
A;8;Q;0.135;N
A;9;V;0.27;H
A;10;Y;0.37;H
A;11;S;0.435;N
A;12;R;0.5;P;
A;13;H;0.041;N
A;14;P;0.095;P
A;15;A;0.4235;H;
A;16;E;0.019;P
A;17;N;0.317;P;
A;18;G;0.089;N
A;19;K;0.291;P
A;20;S;0.493;N
A;21;N;0.763;P
A;22;F;0.612;H
A;23;L;0.397;H
A;24;N;0.722;P
A;25;C;0.54;H
A;26;Y;0.977;H
A;27;V;0.962;H
A;28;S;0.966;N
A;29;G;1.0;N
A;30;F;1.0;H
A;31;H;1.0;N
A;32;P;1.0;P
A;33;S;0.736;N
A;34;D;0.852;P
A;35;I;1.0;H
A;36;E;0.847;P
A;37;V;1.0;H
A;38;D;0.068;P
A;39;L;0.931;H
A;40;L;0.519;H
A;41;K;0.738;P
A;42;N;0.042;P
A;43;G;0.102;N
A;44;E;0.266;P
A;45;R;0.3155;P;
A;46;I;0.366;H
A;47;E;0.013;P
A;48;K;0.273;P
A;49;V;0.185;H
A;50;E;-0.018;P
A;51;H;0.456;N
A;52;S;0.139;N
A;53;D;0.387;P
A;54;L;0.494;H
A;55;S;0.849;N
A;56;F;0.746;H
A;57;S;0.804;N
A;58;K;0.733;P
A;59;D;0.559;P
A;60;W;0.996;H
A;61;S;0.897;N
A;62;F;1.0;H
A;63;Y;0.913;H
A;64;L;0.848;H
A;65;L;0.48;H
A;66;Y;0.301;H;
A;67;Y;0.474;H
A;68;T;0.7;N
A;69;E;0.705;P
A;70;F;0.913;H
A;71;T;0.788;N
A;72;P;-0.005;P
A;73;T;0.098;N
A;74;E;0.016;P
A;75;K;0.184;P
A;76;D;0.023;P
A;77;E;-0.019;P
A;78;Y;0.284;H
A;79;A;0.252;H;
A;80;C;0.375;H
A;81;R;0.72;P
A;82;V;0.986;H
A;83;N;1.0;P
A;84;H;0.921;N
A;85;V;1.0;H
A;86;T;1.0;N
A;87;L;0.787;H
A;88;S;0.631;N
A;89;Q;0.785;N
A;90;P;0.224;P
A;91;K;0.934;P
A;92;I;0.733;H
A;93;V;0.73;H
A;94;K;0.642;P
A;95;W;0.958;H
A;96;D;0.967;P
A;97;R;-0.074;P
